LINK : warning LNK4044: unrecognized option '/fopenmp'; ignored
name,iterations,real_time,cpu_time,time_unit,bytes_per_second,items_per_second,label,error_occurred,error_message
"BM_MatrixMultiply/2",298667,2255.89,2249.58,ns,,,,,
"BM_MatrixMultiply/4",298667,2623.36,2563.47,ns,,,,,
"BM_MatrixMultiply/8",186667,3658.21,3599.32,ns,,,,,
"BM_MatrixMultiply/16",64000,10943.5,10986.3,ns,,,,,
"BM_MatrixMultiply/32",11200,62259.8,61383.9,ns,,,,,
"BM_MatrixMultiply/64",1867,395250,401714,ns,,,,,
"BM_MatrixMultiply/128",280,2.56394e+06,2.62277e+06,ns,,,,,
"BM_MatrixMultiply/256",32,2.06306e+07,2.05078e+07,ns,,,,,
